{"cameraMode":{"drawMode":0,"name":"Shaded","section":"Shading Mode"},"sceneLighting":true,"audioPlay":false,"sceneViewState":{"showFog":true,"showMaterialUpdate":true,"showSkybox":true,"showFlares":true,"showImageEffects":true,"showParticleSystems":true},"in2DMode":false,"pivot":{"x":-1.3641176223754883,"y":2.6114656925201418,"z":-0.1067652627825737},"rotation":{"x":-0.16985176503658296,"y":0.680370569229126,"z":-0.1667213886976242,"w":-0.6931452751159668},"size":10.388663291931153,"orthographic":false}