{"cameraMode":{"drawMode":0,"name":"Shaded","section":"Shading Mode"},"sceneLighting":true,"audioPlay":false,"sceneViewState":{"showFog":true,"showMaterialUpdate":true,"showSkybox":true,"showFlares":true,"showImageEffects":true,"showParticleSystems":true},"in2DMode":false,"pivot":{"x":-0.6974130272865295,"y":-1.8293375968933106,"z":3.739900827407837},"rotation":{"x":-0.3829168975353241,"y":0.06228352710604668,"z":-0.02588621713221073,"w":-0.9213172197341919},"size":8.862333297729493,"orthographic":false}